Long Term Testing Log File,,,-,2024-08-01_1047
Time,,,,,Param,Channel 1,Channel 2,Channel 3,Channel 4,Channel 5,Message
""
2024-08-01_1047,,,,,FREQ,512,3000,10000,23000,33000
2024-08-01_1047,,,,,AMP,0.004,0.004,0.004,0.004,0.004
2024-08-01_1047,,,,,PHASE,125,39,92,20,166
2024-08-01_1047,,,,,,,,,,,SIGNAL GENERATORS ARE SETUP
Time,,,,,Param,Channel 1,Channel 2,Channel 3,Channel 4,Channel 5,Message
""
2024-08-01_1047,,,,,FREQ,512,3000,10000,23000,33000
2024-08-01_1047,,,,,AMP,0.004,0.004,0.004,0.004,0.004
2024-08-01_1047,,,,,PHASE,124,174,178,106,36
2024-08-01_1047,,,,,,,,,,,SIGNAL GENERATORS ARE SETUP
Time,,,,,Param,Channel 1,Channel 2,Channel 3,Channel 4,Channel 5,Message
""
2024-08-01_1048,,,,,FREQ,512,3000,10000,23000,33000
2024-08-01_1048,,,,,AMP,0.004,0.004,0.004,0.004,0.004
2024-08-01_1048,,,,,PHASE,155,82,65,101,142
2024-08-01_1048,,,,,,,,,,,SIGNAL GENERATORS ARE SETUP
Time,,,,,Param,Channel 1,Channel 2,Channel 3,Channel 4,Channel 5,Message
""
2024-08-01_1048,,,,,FREQ,512,3000,10000,23000,33000
2024-08-01_1048,,,,,AMP,0.004,0.004,0.004,0.004,0.004
2024-08-01_1048,,,,,PHASE,100,134,145,5,170
2024-08-01_1048,,,,,,,,,,,SIGNAL GENERATORS ARE SETUP
Time,,,,,Param,Channel 1,Channel 2,Channel 3,Channel 4,Channel 5,Message
""
2024-08-01_1048,,,,,FREQ,512,3000,10000,23000,33000
2024-08-01_1048,,,,,AMP,0.004,0.004,0.004,0.004,0.004
2024-08-01_1048,,,,,PHASE,133,171,114,23,68
2024-08-01_1048,,,,,,,,,,,SIGNAL GENERATORS ARE SETUP
Time,,,,,Param,Channel 1,Channel 2,Channel 3,Channel 4,Channel 5,Message
""
2024-08-01_1049,,,,,FREQ,512,3000,10000,23000,33000
2024-08-01_1049,,,,,AMP,0.004,0.004,0.004,0.004,0.004
2024-08-01_1049,,,,,PHASE,176,104,15,127,93
2024-08-01_1049,,,,,,,,,,,SIGNAL GENERATORS ARE SETUP
Time,,,,,Param,Channel 1,Channel 2,Channel 3,Channel 4,Channel 5,Message
""
2024-08-01_1049,,,,,FREQ,512,3000,10000,23000,33000
2024-08-01_1049,,,,,AMP,0.004,0.004,0.004,0.004,0.004
2024-08-01_1049,,,,,PHASE,167,152,112,42,0
2024-08-01_1049,,,,,,,,,,,SIGNAL GENERATORS ARE SETUP
